dropped,auroc_mean,auroc_sd,delta
PCOS,0.9741610140229068,0.005152460200511207,-0.006041876361006868
Prediabetes,0.9765362883782943,0.00526068463269484,-0.0036666020056191437
unexplained prenetal loss,0.9772311082936725,0.005364774539282868,-0.0029717820902408643
Gestation in previous Pregnancy,0.9785479379822523,0.004888915380915916,-0.0016549524016612027
Large Child or Birth Default,0.9794603664096588,0.004970440077983237,-0.0007425239742547962
Family History,0.979565528374197,0.005003402285359323,-0.0006373620097166377
Hemoglobin,0.9797891514993735,0.004822644168929369,-0.0004137388845400336
BMI,0.9798340059731683,0.004980169636575416,-0.00036888441074513613
No of Pregnancy,0.9799026946126801,0.004828848665299432,-0.0003001957712333847
Dia BP,0.9799190187599508,0.005084343092514185,-0.00028387162396274366
Sys BP,0.9799851610149953,0.004612599807008773,-0.00021772936891820027
HDL,0.980070668005145,0.004840350499798755,-0.00013222237876869602
Age,0.9801854629624424,0.004756981726044641,-1.7427421471076787e-05
(none),0.9802028903839137,0.0047558980565751635,0.0
Sedentary Lifestyle,0.9802220292452734,0.004783065166345812,1.9138861359977443e-05
