predictor,auroc_mean,auroc_sd
OGTT,0.9279806706156714,0.009577226602074993
Dia BP,0.8778109525292694,0.013277152573492733
BMI,0.8546412655543578,0.014888853637901066
Prediabetes,0.845433313713507,0.012629874114564142
PCOS,0.8137662889035505,0.010407571369833692
Hemoglobin,0.7666928230827408,0.01652536130439853
Gestation in previous Pregnancy,0.7601687057491846,0.01751567912086986
Age,0.7586262181139181,0.013141521974890545
HDL,0.7393648234296175,0.016131939764612212
Sys BP,0.7019323660776767,0.016795262663020016
Family History,0.6769285847863122,0.01685925783185229
Large Child or Birth Default,0.670764148851789,0.017642282016214404
unexplained prenetal loss,0.6106654997482746,0.017216477811883596
No of Pregnancy,0.6038718530173638,0.01786229193907986
Sedentary Lifestyle,0.5704576040493202,0.018454956151898922
