edge_homophily,random_homophily,node_purity,purity_pos,purity_neg,prevalence,unl_with_labelled_nb,labelled_nb_purity,dataset,rho,repeat,fold,silo,graph
0.9489445262641139,0.9038615606473321,0.9496008710637684,0.4491258741258741,0.976292870900456,0.05063291139240506,1.0,0.9299676885614385,gdm_early,0.1,0,0,0,initial
0.9609851787271142,0.5167341810950771,0.9577442544321201,0.9502166092647142,0.9629435814430959,0.40852819807427787,1.0,0.9569083729337812,gdm_early,0.1,0,0,1,initial
0.9495308141009384,0.5004591368227732,0.9478041868686542,0.9497383455179226,0.9457491433038067,0.5151515151515151,1.0,0.931387899734674,gdm_early,0.1,0,0,2,initial
0.9824198552223371,0.9038615606473321,0.9823275151877163,0.8244803297193003,0.9907460317460319,0.05063291139240506,1.0,0.9800054112554113,gdm_early,0.1,0,0,0,refined
0.9596328245963283,0.5167341810950771,0.9578181242731963,0.9528478227647705,0.9612510999662253,0.40852819807427787,1.0,0.9507741109465248,gdm_early,0.1,0,0,1,refined
0.953909891248058,0.5004591368227732,0.9519147039450377,0.9547218399301494,0.9489321219608565,0.5151515151515151,1.0,0.9473176465111948,gdm_early,0.1,0,0,2,refined
0.9563106796116505,0.5000078114015216,0.9541474080068225,0.9552901629419518,0.9530136511420488,0.4980237154150198,1.0,0.9317030009464219,gdm_early,0.1,0,1,0,initial
0.9624733475479744,0.68190980095742,0.9617250949644434,0.975060418129725,0.9078503893767049,0.8015873015873016,1.0,0.9832401082401082,gdm_early,0.1,0,1,1,initial
0.9554376002962597,0.6800000000000002,0.9532766284561093,0.890291210667459,0.9690229829032718,0.2,1.0,0.9474167004279049,gdm_early,0.1,0,1,2,initial
0.963542783615698,0.5000078114015216,0.9622990863501026,0.9643738707286056,0.9602406388564698,0.4980237154150198,1.0,0.9485785542287093,gdm_early,0.1,0,1,0,refined
0.9735816370723257,0.68190980095742,0.9719189481887893,0.9811763777110313,0.9345189329189327,0.8015873015873016,1.0,0.9852624363493927,gdm_early,0.1,0,1,1,refined
0.9614314618108245,0.6800000000000002,0.961040115854077,0.9121606946426147,0.9732599711569424,0.2,1.0,0.9535198014714822,gdm_early,0.1,0,1,2,refined
0.954287310306303,0.5188237914903095,0.9506348930990351,0.9416021464488956,0.9567319970878794,0.40298507462686567,1.0,0.939061139439794,gdm_early,0.1,0,2,0,initial
0.9635603345280764,0.8782167026320811,0.9622426355354009,0.980277536135781,0.7033887680946505,0.9348659003831418,1.0,0.9300635638870933,gdm_early,0.1,0,2,1,initial
0.9599592806243638,0.9411069964850531,0.9593269036178179,0.3013263522192094,0.9799354220061411,0.03036876355748373,1.0,0.9578874024526199,gdm_early,0.1,0,2,2,initial
0.9544668587896253,0.5188237914903095,0.9539709490710108,0.9478604096246697,0.9580955631972908,0.40298507462686567,1.0,0.9533438534187038,gdm_early,0.1,0,2,0,refined
0.9750152346130408,0.8782167026320811,0.9741710371865882,0.9872870272339896,0.7859180035650625,0.9348659003831418,1.0,0.9406862745098039,gdm_early,0.1,0,2,1,refined
0.9692251991310644,0.9411069964850531,0.9684984234429176,0.4732303410874839,0.9840101754629982,0.03036876355748373,1.0,0.976072840203275,gdm_early,0.1,0,2,2,refined
0.957901554404145,0.5081596802922352,0.9547514043230658,0.949742756719159,0.9586253278656731,0.43612637362637363,1.0,0.9597109404005956,gdm_early,0.1,0,3,0,initial
0.943429581614614,0.5211937716262975,0.9410641819373438,0.9479522797663043,0.9306044778267002,0.6029411764705882,1.0,0.9395769867992091,gdm_early,0.1,0,3,1,initial
0.9488014894112171,0.6814378375238237,0.9456064455751387,0.8568954575935069,0.9676186869959541,0.19880418535127056,1.0,0.9257752198050706,gdm_early,0.1,0,3,2,initial
0.9566898685228151,0.5081596802922352,0.9556819392011073,0.9530282341680162,0.957734439439856,0.43612637362637363,1.0,0.9605654544084671,gdm_early,0.1,0,3,0,refined
0.9808153477218226,0.5211937716262975,0.9793149150685916,0.9845400365217438,0.9713804713804713,0.6029411764705882,1.0,0.987974987974988,gdm_early,0.1,0,3,1,refined
0.9594330400782014,0.6814378375238237,0.9601452077095569,0.9058368781718372,0.9736209685836552,0.19880418535127056,1.0,0.9323135405224958,gdm_early,0.1,0,3,2,refined
0.9531818970001734,0.5325759286957052,0.9492310512925262,0.9601356895208141,0.9308517203914352,0.6276243093922652,1.0,0.9367447570744275,gdm_early,0.1,0,4,0,initial
0.9025875190258752,0.8697999999999999,0.896668947323746,0.22577422577422576,0.9471663994833874,0.07,1.0,0.8755555555555556,gdm_early,0.1,0,4,1,initial
0.9635650224215246,0.6186180885850179,0.9606861422741473,0.9249673409841347,0.9730065404002677,0.25646551724137934,1.0,0.962745182592834,gdm_early,0.1,0,4,2,initial
0.9570388780401207,0.5325759286957052,0.9534984494966876,0.9647360094667877,0.9345579923364004,0.6276243093922652,1.0,0.934289233232434,gdm_early,0.1,0,4,0,refined
0.9035947712418301,0.8697999999999999,0.9091132573137218,0.35196578631452585,0.9510490884641991,0.07,1.0,0.91875,gdm_early,0.1,0,4,1,refined
0.963282433850099,0.6186180885850179,0.9639179228781052,0.9330300469972842,0.9745720018051129,0.25646551724137934,1.0,0.9594895676077049,gdm_early,0.1,0,4,2,refined
0.9626352015732547,0.6270224390853811,0.9605903827652776,0.922819255708991,0.9730458615683627,0.24798567591763654,1.0,0.9722923245638582,gdm_early,0.1,1,0,0,initial
0.9585987261146497,0.9303237044563797,0.9569684338288166,0.980021056013703,0.3422318422318422,0.963855421686747,1.0,0.9621645021645021,gdm_early,0.1,1,0,1,initial
0.9565948341739263,0.5186276824831767,0.953085933710001,0.9442486784879505,0.9590636543154856,0.4034917555771096,1.0,0.9546366524521865,gdm_early,0.1,1,0,2,initial
0.9641984184040259,0.6270224390853811,0.9635915497757601,0.9337216385505773,0.9734415085964456,0.24798567591763654,1.0,0.9649285140767753,gdm_early,0.1,1,0,0,refined
0.9564660691421255,0.9303237044563797,0.9564107454610644,0.9790406686178746,0.3529461279461279,0.963855421686747,1.0,0.9594747474747475,gdm_early,0.1,1,0,1,refined
0.9588392997949851,0.5186276824831767,0.9598654696094305,0.9541340170874968,0.9637423545673562,0.4034917555771096,1.0,0.9669208353674377,gdm_early,0.1,1,0,2,refined
0.942814371257485,0.5323182993392703,0.9382807340215816,0.9153980728289998,0.9518866406766304,0.3728813559322034,1.0,0.9243504922750204,gdm_early,0.1,1,1,0,initial
0.9525525525525526,0.5371430065953651,0.9483206545056588,0.9306524803937077,0.9584205211995056,0.3637226970560304,1.0,0.9638935271078128,gdm_early,0.1,1,1,1,initial
0.9682912507339988,0.5089875622003452,0.9658405964203491,0.9585816147568539,0.9713832461937772,0.43296432964329645,1.0,0.9794053340349639,gdm_early,0.1,1,1,2,initial
0.9562226391494684,0.5323182993392703,0.9549847606368261,0.9434928319460987,0.9618177993177993,0.3728813559322034,1.0,0.9485416051453788,gdm_early,0.1,1,1,0,refined
0.9570288520564764,0.5371430065953651,0.957171001589162,0.9454354346700323,0.9638795420817392,0.3637226970560304,1.0,0.9734986556698284,gdm_early,0.1,1,1,1,refined
0.9748631664301642,0.5089875622003452,0.9747397233986578,0.9718679589088398,0.9769324806663713,0.43296432964329645,1.0,0.9887365720699056,gdm_early,0.1,1,1,2,refined
0.9625481274063703,0.5130072840790842,0.96110957763085,0.965381253036482,0.9551949501461291,0.5806451612903226,1.0,0.9565181408531791,gdm_early,0.1,1,2,0,initial
0.9201696876205168,0.5610393380751924,0.9169515569145358,0.8637706060581877,0.9425923725059893,0.3253012048192771,1.0,0.9183786064883624,gdm_early,0.1,1,2,1,initial
0.9558793139078322,0.5461743396852807,0.953153552201351,0.9332160313931881,0.9637976482445362,0.34805537244561635,1.0,0.9528730589585854,gdm_early,0.1,1,2,2,initial
0.9615931721194879,0.5130072840790842,0.9599385375084466,0.9653428280143967,0.9524556737309773,0.5806451612903226,1.0,0.9511983185896231,gdm_early,0.1,1,2,0,refined
0.9553917765709853,0.5610393380751924,0.9561943438797887,0.9408732431698935,0.9635813031506311,0.3253012048192771,1.0,0.9738234903945091,gdm_early,0.1,1,2,1,refined
0.9588034915903768,0.5461743396852807,0.9582744712181017,0.94503424256186,0.9653430664966618,0.34805537244561635,1.0,0.9545443021865324,gdm_early,0.1,1,2,2,refined
0.9720406681190995,0.9171859838834377,0.9728401469050072,0.985619043654758,0.6903592713842022,0.9567198177676538,1.0,0.9683019001200819,gdm_early,0.1,1,3,0,initial
0.9134615384615384,0.7848289671879818,0.9103080629173874,0.6185223667475188,0.9510877505748632,0.1226215644820296,1.0,0.924717244930011,gdm_early,0.1,1,3,1,initial
0.9680941276234895,0.5754864016143477,0.9659574837445447,0.9469346657624914,0.9743341659597264,0.30572390572390573,1.0,0.9753092264121677,gdm_early,0.1,1,3,2,initial
0.979614124499454,0.9171859838834377,0.9784162202827619,0.9897297434902477,0.7283278125383388,0.9567198177676538,1.0,0.979840613931523,gdm_early,0.1,1,3,0,refined
0.9454855195911414,0.7848289671879818,0.945100376956379,0.7822330233287583,0.9678625613187936,0.1226215644820296,1.0,0.9580117282244941,gdm_early,0.1,1,3,1,refined
0.9679214402618658,0.5754864016143477,0.967608580454267,0.9509267816473461,0.9749543968057144,0.30572390572390573,1.0,0.9761866991646402,gdm_early,0.1,1,3,2,refined
0.9474544605324615,0.8414249345620137,0.9458388635646543,0.6718113332464245,0.971893940217863,0.08682634730538923,1.0,0.9464674531399728,gdm_early,0.1,1,4,0,initial
0.966996699669967,0.5108006876562383,0.9641242306034739,0.9692184930390572,0.9572745128691422,0.5734870317002881,1.0,0.9646359806884476,gdm_early,0.1,1,4,1,initial
0.884862385321101,0.6471650570600527,0.8805577589067007,0.7131247172953531,0.9302147066089255,0.2287390029325513,1.0,0.9592799165463525,gdm_early,0.1,1,4,2,initial
0.9659698590179874,0.8414249345620137,0.9666261127966393,0.8290665034199518,0.9797055510652425,0.08682634730538923,1.0,0.968692491782922,gdm_early,0.1,1,4,0,refined
0.9679044160712194,0.5108006876562383,0.9673978050888499,0.9724829610816725,0.9605603318282303,0.5734870317002881,1.0,0.9662566949437453,gdm_early,0.1,1,4,1,refined
0.9404927940492794,0.6471650570600527,0.9432090543594789,0.8879699215306388,0.9595917629551044,0.2287390029325513,1.0,0.9854596384008147,gdm_early,0.1,1,4,2,refined
0.9617415669792003,0.7850047058344294,0.9601720522450877,0.8415789389991046,0.9767285809962917,0.12250516173434274,1.0,0.9510231339541684,gdm_early,0.1,2,0,0,initial
0.9855233853006682,0.9746520662351115,0.9851928249228324,0.9931030536532491,0.376984126984127,0.9871611982881597,1.0,0.9843056943056943,gdm_early,0.1,2,0,1,initial
0.8741123305358296,0.615912208504801,0.8692286983112768,0.7276641127831605,0.9187763032461176,0.25925925925925924,1.0,0.7988960692085693,gdm_early,0.1,2,0,2,initial
0.962852733686067,0.7850047058344294,0.9637049982334808,0.8597357312122823,0.9782199233548714,0.12250516173434274,1.0,0.9479911659222003,gdm_early,0.1,2,0,0,refined
0.9847431007404084,0.9746520662351115,0.9839873677765036,0.992815739110803,0.3051837051837052,0.9871611982881597,1.0,0.9853679653679652,gdm_early,0.1,2,0,1,refined
0.9442622950819672,0.615912208504801,0.9446886926780952,0.8978491965015979,0.9610825163398693,0.25925925925925924,1.0,0.8799525365701836,gdm_early,0.1,2,0,2,refined
0.918680475642501,0.5406193843496931,0.9131404573683755,0.8714305092981562,0.9363474961442867,0.357487922705314,1.0,0.8657200642494761,gdm_early,0.1,2,1,0,initial
0.9114481409001957,0.5981413235058486,0.9097454886817178,0.8246996355162947,0.942570203938548,0.27848101265822783,1.0,0.8991015418405124,gdm_early,0.1,2,1,1,initial
0.9602755236837139,0.5134098555213972,0.9573191746854692,0.9499019517036249,0.962648869962114,0.41811637672465507,1.0,0.9649868711774312,gdm_early,0.1,2,1,2,initial
0.9511059371362048,0.5406193843496931,0.9508854997705,0.9375607336617399,0.9582992794099605,0.357487922705314,1.0,0.9010204081632655,gdm_early,0.1,2,1,0,refined
0.939620758483034,0.5981413235058486,0.9405301128026953,0.891372367263531,0.9595032777476359,0.27848101265822783,1.0,0.9368853980986334,gdm_early,0.1,2,1,1,refined
0.9621329211746522,0.5134098555213972,0.961701048291933,0.9569280969366364,0.9651306844719758,0.41811637672465507,1.0,0.9651627262326916,gdm_early,0.1,2,1,2,refined
0.9553571428571429,0.8200000000000001,0.9555619875600695,0.9751247808579437,0.7794968478792008,0.9,1.0,0.9699009324009324,gdm_early,0.1,2,2,0,initial
0.9834638816362054,0.6359839287778934,0.9824860509158421,0.9870627017270127,0.9679333297971765,0.760752688172043,1.0,0.9861003861003862,gdm_early,0.1,2,2,1,initial
0.9571186759450818,0.6902941740217778,0.9545742356274284,0.8880319997765623,0.9703394738671327,0.19154078549848944,1.0,0.9475801557879872,gdm_early,0.1,2,2,2,initial
0.9776440240756664,0.8200000000000001,0.9761568768766911,0.9861393015804779,0.8863150545426087,0.9,1.0,0.9845963610669494,gdm_early,0.1,2,2,0,refined
0.9911268855368234,0.6359839287778934,0.9899532964049094,0.9929328621908127,0.9804789467710817,0.760752688172043,1.0,0.9954954954954955,gdm_early,0.1,2,2,1,refined
0.9583495145631068,0.6902941740217778,0.9586871047931673,0.9006419997193854,0.9724391962045194,0.19154078549848944,1.0,0.954066262860651,gdm_early,0.1,2,2,2,refined
0.9610880241783151,0.8766865334377485,0.9590915189116467,0.6765043598376932,0.9790649568566643,0.06601466992665037,1.0,0.9574933430798584,gdm_early,0.1,2,3,0,initial
0.9377215189873418,0.5046826222684704,0.9342123936947189,0.9395483947722195,0.9277329638148968,0.5483870967741935,1.0,0.942163213130955,gdm_early,0.1,2,3,1,initial
0.9477278370995779,0.5067093651671892,0.9449962510723767,0.9507536034642216,0.9377302876259848,0.557919621749409,1.0,0.9516005842384404,gdm_early,0.1,2,3,2,initial
0.9693715194908512,0.8766865334377485,0.9688527166889793,0.7714075666402136,0.9828082639437351,0.06601466992665037,1.0,0.9740407498577434,gdm_early,0.1,2,3,0,refined
0.9609984399375975,0.5046826222684704,0.9583989018571563,0.9648837235428931,0.9505244755244756,0.5483870967741935,1.0,0.9443164362519201,gdm_early,0.1,2,3,1,refined
0.9522188603126576,0.5067093651671892,0.9514185147268008,0.9588930442428871,0.9419854186530235,0.557919621749409,1.0,0.9543245449162542,gdm_early,0.1,2,3,2,refined
0.9744921338017413,0.7116266155841444,0.9733417978165876,0.9828013205309387,0.9286573120664768,0.8252895752895753,1.0,0.9689157216284571,gdm_early,0.1,2,4,0,initial
0.9615107913669064,0.8965850033594414,0.9604256532147798,0.6398305997480769,0.9789767932279305,0.054699537750385205,1.0,0.9688891450429912,gdm_early,0.1,2,4,1,initial
0.8888888888888888,0.8276643990929706,0.8747706881851119,0.2523809523809524,0.9402853972171288,0.09523809523809523,1.0,0.8915966386554622,gdm_early,0.1,2,4,2,initial
0.9800467653936087,0.7116266155841444,0.9784463608906429,0.9867924036938486,0.9390216835605835,0.8252895752895753,1.0,0.9783649602824359,gdm_early,0.1,2,4,0,refined
0.9627646326276463,0.8965850033594414,0.9641918214055273,0.6710025211371525,0.9811571354389866,0.054699537750385205,1.0,0.9810278823740363,gdm_early,0.1,2,4,1,refined
0.9112903225806451,0.8276643990929706,0.912044911204575,0.47853535353535354,0.9576774962223878,0.09523809523809523,1.0,0.9285714285714286,gdm_early,0.1,2,4,2,refined
0.9489445262641139,0.9038615606473321,0.9496008710637684,0.4491258741258741,0.976292870900456,0.05063291139240506,0.924901185770751,0.9567663817663817,gdm_early,0.8,0,0,0,initial
0.9609851787271142,0.5167341810950771,0.9577442544321201,0.9502166092647142,0.9629435814430959,0.40852819807427787,0.9269131556319863,0.9481347733898754,gdm_early,0.8,0,0,1,initial
0.9495308141009384,0.5004591368227732,0.9478041868686542,0.9497383455179226,0.9457491433038067,0.5151515151515151,0.9820359281437125,0.9543360433604335,gdm_early,0.8,0,0,2,initial
0.9854997410668047,0.9038615606473321,0.9856105950391133,0.8620738636363636,0.9921992207139266,0.05063291139240506,0.9130434782608695,0.987012987012987,gdm_early,0.8,0,0,0,refined
0.9605540166204987,0.5167341810950771,0.9590042296333913,0.9535308172217548,0.9627847028572423,0.40852819807427787,0.9200343938091143,0.9568702714730752,gdm_early,0.8,0,0,1,refined
0.953822071484477,0.5004591368227732,0.9510597286148711,0.9543089627359821,0.9476074173611906,0.5151515151515151,0.9640718562874252,0.9574534161490684,gdm_early,0.8,0,0,2,refined
0.9563106796116505,0.5000078114015216,0.9541474080068225,0.9552901629419518,0.9530136511420488,0.4980237154150198,0.9209225700164745,0.9581693500298152,gdm_early,0.8,0,1,0,initial
0.9624733475479744,0.68190980095742,0.9617250949644434,0.975060418129725,0.9078503893767049,0.8015873015873016,0.9635761589403974,0.9654639175257732,gdm_early,0.8,0,1,1,initial
0.9554376002962597,0.6800000000000002,0.9532766284561093,0.890291210667459,0.9690229829032718,0.2,0.9513888888888888,0.9523461939520333,gdm_early,0.8,0,1,2,initial
0.9691292314243134,0.5000078114015216,0.96806565947745,0.9712637711818902,0.9648927297549346,0.4980237154150198,0.9308072487644151,0.9772692793931732,gdm_early,0.8,0,1,0,refined
0.9747826086956521,0.68190980095742,0.9740872221099964,0.9824932493249326,0.9401268721616549,0.8015873015873016,0.9701986754966887,0.9771249796847066,gdm_early,0.8,0,1,1,refined
0.9549526813880126,0.6800000000000002,0.9544475061131047,0.8972361213300918,0.9687503523088579,0.2,0.9434523809523809,0.9649141254819488,gdm_early,0.8,0,1,2,refined
0.954287310306303,0.5188237914903095,0.9506348930990351,0.9416021464488956,0.9567319970878794,0.40298507462686567,0.9559701492537314,0.9456804579755398,gdm_early,0.8,0,2,0,initial
0.9635603345280764,0.8782167026320811,0.9622426355354009,0.980277536135781,0.7033887680946505,0.9348659003831418,0.8995215311004785,0.9655141843971631,gdm_early,0.8,0,2,1,initial
0.9599592806243638,0.9411069964850531,0.9593269036178179,0.3013263522192094,0.9799354220061411,0.03036876355748373,0.907859078590786,0.9683084577114428,gdm_early,0.8,0,2,2,initial
0.9549471661863592,0.5188237914903095,0.9544324514649338,0.9487881917651605,0.9582423267622806,0.40298507462686567,0.9432835820895522,0.95667194092827,gdm_early,0.8,0,2,0,refined
0.9721549636803875,0.8782167026320811,0.9703187883608511,0.9851348390650783,0.7576648841354723,0.9348659003831418,0.8995215311004785,0.9773936170212766,gdm_early,0.8,0,2,1,refined
0.9677536231884057,0.9411069964850531,0.9669117569159039,0.4516397293183007,0.9830500307109071,0.03036876355748373,0.8699186991869918,0.965368639667705,gdm_early,0.8,0,2,2,refined
0.957901554404145,0.5081596802922352,0.9547514043230658,0.949742756719159,0.9586253278656731,0.43612637362637363,0.944206008583691,0.9603246753246754,gdm_early,0.8,0,3,0,initial
0.943429581614614,0.5211937716262975,0.9410641819373438,0.9479522797663043,0.9306044778267002,0.6029411764705882,0.9124423963133641,0.9403559403559404,gdm_early,0.8,0,3,1,initial
0.9488014894112171,0.6814378375238237,0.9456064455751387,0.8568954575935069,0.9676186869959541,0.19880418535127056,0.9102803738317757,0.9525276229588345,gdm_early,0.8,0,3,2,initial
0.9554210236653825,0.5081596802922352,0.9545461996760191,0.9510707352367721,0.957234287275193,0.43612637362637363,0.9399141630901288,0.9624113937812568,gdm_early,0.8,0,3,0,refined
0.9710230632761679,0.5211937716262975,0.9719367939226286,0.9778296398723229,0.9629883982212413,0.6029411764705882,0.9354838709677419,0.9692118226600985,gdm_early,0.8,0,3,1,refined
0.9600876125578,0.6814378375238237,0.9587799107983108,0.9012896074838856,0.9730452285983454,0.19880418535127056,0.9364485981308411,0.9644045242847639,gdm_early,0.8,0,3,2,refined
0.9531818970001734,0.5325759286957052,0.9492310512925262,0.9601356895208141,0.9308517203914352,0.6276243093922652,0.9323204419889503,0.947862433862434,gdm_early,0.8,0,4,0,initial
0.9025875190258752,0.8697999999999999,0.896668947323746,0.22577422577422576,0.9471663994833874,0.07,1.0,0.9104166666666668,gdm_early,0.8,0,4,1,initial
0.9635650224215246,0.6186180885850179,0.9606861422741473,0.9249673409841347,0.9730065404002677,0.25646551724137934,0.926391382405745,0.9583079549649316,gdm_early,0.8,0,4,2,initial
0.9547694473776839,0.5325759286957052,0.9518575466823932,0.9628884175531611,0.9332654557191998,0.6276243093922652,0.9406077348066298,0.9565939444794069,gdm_early,0.8,0,4,0,refined
0.9186046511627907,0.8697999999999999,0.9163636254096781,0.3791208791208791,0.9568012514744266,0.07,1.0,0.9145833333333334,gdm_early,0.8,0,4,1,refined
0.9648817802503477,0.6186180885850179,0.96457206009454,0.9348020093138306,0.9748405703638282,0.25646551724137934,0.921903052064632,0.9708118885334075,gdm_early,0.8,0,4,2,refined
0.9626352015732547,0.6270224390853811,0.9605903827652776,0.922819255708991,0.9730458615683627,0.24798567591763654,0.9049217002237137,0.9518011654600036,gdm_early,0.8,1,0,0,initial
0.9585987261146497,0.9303237044563797,0.9569684338288166,0.980021056013703,0.3422318422318422,0.963855421686747,0.9899497487437185,0.9517766497461929,gdm_early,0.8,1,0,1,initial
0.9565948341739263,0.5186276824831767,0.953085933710001,0.9442486784879505,0.9590636543154856,0.4034917555771096,0.9296969696969697,0.9631029986962191,gdm_early,0.8,1,0,2,initial
0.9652687707162415,0.6270224390853811,0.9645264715383429,0.9348329710651871,0.9743182568134194,0.24798567591763654,0.8624161073825504,0.9521493422271633,gdm_early,0.8,1,0,0,refined
0.9562700964630225,0.9303237044563797,0.9563781721378052,0.9791714661470853,0.34855699855699857,0.963855421686747,0.9698492462311558,0.9602763385146805,gdm_early,0.8,1,0,1,refined
0.9582804568527918,0.5186276824831767,0.9586528396004678,0.9534870433677255,0.962147101767656,0.4034917555771096,0.8678787878787879,0.969298683160415,gdm_early,0.8,1,0,2,refined
0.942814371257485,0.5323182993392703,0.9382807340215816,0.9153980728289998,0.9518866406766304,0.3728813559322034,0.9575471698113207,0.9373269997654234,gdm_early,0.8,1,1,0,initial
0.9525525525525526,0.5371430065953651,0.9483206545056588,0.9306524803937077,0.9584205211995056,0.3637226970560304,0.9679334916864608,0.951922290388548,gdm_early,0.8,1,1,1,initial
0.9682912507339988,0.5089875622003452,0.9658405964203491,0.9585816147568539,0.9713832461937772,0.43296432964329645,0.9155145929339478,0.9678731224033237,gdm_early,0.8,1,1,2,initial
0.9476293771304617,0.5323182993392703,0.9457114776841998,0.9317873824722497,0.9539906694318459,0.3728813559322034,0.9316037735849056,0.9439783001808318,gdm_early,0.8,1,1,0,refined
0.9536311991401811,0.5371430065953651,0.9537094731140673,0.9396483277539524,0.9617474114318645,0.3637226970560304,0.9619952494061758,0.95559670781893,gdm_early,0.8,1,1,1,refined
0.9697092084006462,0.5089875622003452,0.968218798378424,0.9633098088462614,0.9719670940732639,0.43296432964329645,0.9124423963133641,0.9685465768799101,gdm_early,0.8,1,1,2,refined
0.9625481274063703,0.5130072840790842,0.96110957763085,0.965381253036482,0.9551949501461291,0.5806451612903226,0.9032258064516129,0.9606646825396824,gdm_early,0.8,1,2,0,initial
0.9201696876205168,0.5610393380751924,0.9169515569145358,0.8637706060581877,0.9425923725059893,0.3253012048192771,0.9246987951807228,0.951628664495114,gdm_early,0.8,1,2,1,initial
0.9558793139078322,0.5461743396852807,0.953153552201351,0.9332160313931881,0.9637976482445362,0.34805537244561635,0.9389942291838417,0.9584869768803044,gdm_early,0.8,1,2,2,initial
0.9635714285714285,0.5130072840790842,0.9636712351273422,0.9681486752745783,0.9574717026157845,0.5806451612903226,0.9139784946236559,0.9683823529411765,gdm_early,0.8,1,2,0,refined
0.9500196772924046,0.5610393380751924,0.9502648151625759,0.9313596886379898,0.9593797868797869,0.3253012048192771,0.9006024096385542,0.9765886287625418,gdm_early,0.8,1,2,1,refined
0.9589928821842133,0.5461743396852807,0.9585808968783157,0.9481378085379284,0.964156175587845,0.34805537244561635,0.9455894476504534,0.9653516419645453,gdm_early,0.8,1,2,2,refined
0.9720406681190995,0.9171859838834377,0.9728401469050072,0.985619043654758,0.6903592713842022,0.9567198177676538,0.9515669515669516,0.9799401197604789,gdm_early,0.8,1,3,0,initial
0.9134615384615384,0.7848289671879818,0.9103080629173874,0.6185223667475188,0.9510877505748632,0.1226215644820296,0.9126984126984127,0.9160386473429951,gdm_early,0.8,1,3,1,initial
0.9680941276234895,0.5754864016143477,0.9659574837445447,0.9469346657624914,0.9743341659597264,0.30572390572390573,0.9427609427609428,0.9691666666666667,gdm_early,0.8,1,3,2,initial
0.9738656987295826,0.9171859838834377,0.9724618370491519,0.9876285394233757,0.6371978898294688,0.9567198177676538,0.9287749287749287,0.9794478527607361,gdm_early,0.8,1,3,0,refined
0.9398907103825137,0.7848289671879818,0.9387505919478573,0.75204884221445,0.9648438485371045,0.1226215644820296,0.9391534391534392,0.9492018779342724,gdm_early,0.8,1,3,1,refined
0.967032967032967,0.5754864016143477,0.9667792634564846,0.9498719681727449,0.9742243769955902,0.30572390572390573,0.9545454545454546,0.972663139329806,gdm_early,0.8,1,3,2,refined
0.9474544605324615,0.8414249345620137,0.9458388635646543,0.6718113332464245,0.971893940217863,0.08682634730538923,0.9419475655430711,0.9468687872763419,gdm_early,0.8,1,4,0,initial
0.966996699669967,0.5108006876562383,0.9641242306034739,0.9692184930390572,0.9572745128691422,0.5734870317002881,0.9315931593159316,0.9690660225442834,gdm_early,0.8,1,4,1,initial
0.884862385321101,0.6471650570600527,0.8805577589067007,0.7131247172953531,0.9302147066089255,0.2287390029325513,0.9705882352941176,0.8721590909090909,gdm_early,0.8,1,4,2,initial
0.9672289156626506,0.8414249345620137,0.9677809097085055,0.8328718945753889,0.9806083242621461,0.08682634730538923,0.9157303370786517,0.9715746421267895,gdm_early,0.8,1,4,0,refined
0.9694056968702379,0.5108006876562383,0.9685261376476058,0.9742643871433158,0.960810518393239,0.5734870317002881,0.9360936093609361,0.9766826923076923,gdm_early,0.8,1,4,1,refined
0.9333333333333333,0.6471650570600527,0.9340205672529827,0.8697604492746365,0.953078701102074,0.2287390029325513,0.9522058823529411,0.9332965618679904,gdm_early,0.8,1,4,2,refined
0.9617415669792003,0.7850047058344294,0.9601720522450877,0.8415789389991046,0.9767285809962917,0.12250516173434274,0.9449225473321858,0.9597442680776014,gdm_early,0.8,2,0,0,initial
0.9855233853006682,0.9746520662351115,0.9851928249228324,0.9931030536532491,0.376984126984127,0.9871611982881597,0.9055258467023173,0.9832020997375328,gdm_early,0.8,2,0,1,initial
0.8741123305358296,0.615912208504801,0.8692286983112768,0.7276641127831605,0.9187763032461176,0.25925925925925924,0.9175257731958762,0.8768854273067755,gdm_early,0.8,2,0,2,initial
0.9612377491465698,0.7850047058344294,0.9639451472518973,0.8623538813897053,0.9781280847605014,0.12250516173434274,0.9354561101549054,0.9667834873906631,gdm_early,0.8,2,0,0,refined
0.985366951823503,0.9746520662351115,0.9845183664013907,0.9930451372647905,0.3289044289044289,0.9871611982881597,0.9073083778966132,0.9766863130320891,gdm_early,0.8,2,0,1,refined
0.9096426163182738,0.615912208504801,0.9070497209199767,0.8112342658542717,0.9405851301929734,0.25925925925925924,0.9432989690721649,0.9234972677595629,gdm_early,0.8,2,0,2,refined
0.918680475642501,0.5406193843496931,0.9131404573683755,0.8714305092981562,0.9363474961442867,0.357487922705314,0.9335347432024169,0.9278317152103559,gdm_early,0.8,2,1,0,initial
0.9114481409001957,0.5981413235058486,0.9097454886817178,0.8246996355162947,0.942570203938548,0.27848101265822783,0.9365079365079365,0.9126008878127522,gdm_early,0.8,2,1,1,initial
0.9602755236837139,0.5134098555213972,0.9573191746854692,0.9499019517036249,0.962648869962114,0.41811637672465507,0.9400299850074962,0.9628389154704945,gdm_early,0.8,2,1,2,initial
0.9399209486166008,0.5406193843496931,0.9403069978377332,0.9216021980534366,0.9507141796726052,0.357487922705314,0.9667673716012085,0.9609375,gdm_early,0.8,2,1,0,refined
0.9383391347588265,0.5981413235058486,0.940722154110392,0.8909115366895151,0.9599473046938882,0.27848101265822783,0.9484126984126984,0.9463040446304044,gdm_early,0.8,2,1,1,refined
0.9623168851195065,0.5134098555213972,0.9608460091592471,0.9558572417778975,0.9644307213910004,0.41811637672465507,0.946776611694153,0.9707555706368057,gdm_early,0.8,2,1,2,refined
0.9553571428571429,0.8200000000000001,0.9555619875600695,0.9751247808579437,0.7794968478792008,0.9,0.9155405405405406,0.9551045510455104,gdm_early,0.8,2,2,0,initial
0.9834638816362054,0.6359839287778934,0.9824860509158421,0.9870627017270127,0.9679333297971765,0.760752688172043,0.9966329966329966,0.9761261261261259,gdm_early,0.8,2,2,1,initial
0.9571186759450818,0.6902941740217778,0.9545742356274284,0.8880319997765623,0.9703394738671327,0.19154078549848944,0.945619335347432,0.9504202799330594,gdm_early,0.8,2,2,2,initial
0.9762624082865775,0.8200000000000001,0.9752079864231568,0.9858470483470485,0.8794564291081318,0.9,0.8851351351351351,0.978117048346056,gdm_early,0.8,2,2,0,refined
0.9929484354341119,0.6359839287778934,0.9922996768762897,0.99434628975265,0.9857919078424696,0.760752688172043,0.9932659932659933,0.9864406779661017,gdm_early,0.8,2,2,1,refined
0.9609035621198957,0.6902941740217778,0.961078980366163,0.905586039946211,0.974226410943984,0.19154078549848944,0.9358006042296072,0.9569679849340865,gdm_early,0.8,2,2,2,refined
0.9610880241783151,0.8766865334377485,0.9590915189116467,0.6765043598376932,0.9790649568566643,0.06601466992665037,0.8807339449541285,0.9569403108465608,gdm_early,0.8,2,3,0,initial
0.9377215189873418,0.5046826222684704,0.9342123936947189,0.9395483947722195,0.9277329638148968,0.5483870967741935,0.9758064516129032,0.9504427390791027,gdm_early,0.8,2,3,1,initial
0.9477278370995779,0.5067093651671892,0.9449962510723767,0.9507536034642216,0.9377302876259848,0.557919621749409,0.9399014778325123,0.9497878606369172,gdm_early,0.8,2,3,2,initial
0.9687624353362515,0.8766865334377485,0.9688051222623577,0.758743725410392,0.9836523937676015,0.06601466992665037,0.8700305810397554,0.9634739308728765,gdm_early,0.8,2,3,0,refined
0.9618163054695562,0.5046826222684704,0.9591907768762857,0.9662158575100206,0.9506603218210362,0.5483870967741935,1.0,0.9651209677419355,gdm_early,0.8,2,3,1,refined
0.9524351676154332,0.5067093651671892,0.9514876344389311,0.9594178376284717,0.9414794635687088,0.557919621749409,0.9566502463054187,0.9589941640920014,gdm_early,0.8,2,3,2,refined
0.9744921338017413,0.7116266155841444,0.9733417978165876,0.9828013205309387,0.9286573120664768,0.8252895752895753,0.9264173703256936,0.9702256944444444,gdm_early,0.8,2,4,0,initial
0.9615107913669064,0.8965850033594414,0.9604256532147798,0.6398305997480769,0.9789767932279305,0.054699537750385205,0.9364773820981713,0.9699530171780942,gdm_early,0.8,2,4,1,initial
0.8888888888888888,0.8276643990929706,0.8747706881851119,0.2523809523809524,0.9402853972171288,0.09523809523809523,0.9803921568627451,0.9066666666666666,gdm_early,0.8,2,4,2,initial
0.9776119402985075,0.7116266155841444,0.9760005990255327,0.9847867285089598,0.9344970592005041,0.8252895752895753,0.9300361881785284,0.9722222222222223,gdm_early,0.8,2,4,0,refined
0.9624378109452736,0.8965850033594414,0.9635200935458655,0.6639520147870559,0.980854513751143,0.054699537750385205,0.9307025986525506,0.9663047225094795,gdm_early,0.8,2,4,1,refined
0.8726790450928382,0.8276643990929706,0.8734852008661533,0.24722222222222223,0.9394076196707775,0.09523809523809523,1.0,0.8872549019607842,gdm_early,0.8,2,4,2,refined
0.668997668997669,0.5561780219094284,0.6713850584542879,0.499684915979762,0.7568759243725667,0.3324022346368715,1.0,0.6933010571490965,pima,0.1,0,0,0,initial
0.6515021459227468,0.5257631073807821,0.6648045205900406,0.5730300604821733,0.7226224304579972,0.38650306748466257,1.0,0.645591451653632,pima,0.1,0,0,1,initial
0.6846419327006039,0.5561780219094284,0.6908743587443166,0.5402275607776458,0.7658825970624498,0.3324022346368715,1.0,0.7090209977891138,pima,0.1,0,0,0,refined
0.7158415841584158,0.5257631073807821,0.7214474957257346,0.6348807212602731,0.7759845636389754,0.38650306748466257,1.0,0.6766030844155844,pima,0.1,0,0,1,refined
0.950800237107291,0.9419606983709548,0.9474608795045348,0.09706246134817564,0.9736846192714711,0.029914529914529916,1.0,0.9467969165337586,pima,0.1,0,1,0,initial
0.6673132880698351,0.5240928019036288,0.6781019897576206,0.7433251909730516,0.5761907378585097,0.6097560975609756,1.0,0.651733458534929,pima,0.1,0,1,1,initial
0.9530638852672751,0.9419606983709548,0.9484929200302901,0.09773559773559774,0.9747277273257212,0.029914529914529916,1.0,0.9250888000888001,pima,0.1,0,1,0,refined
0.6878048780487804,0.5240928019036288,0.6891567996595179,0.7436584111532095,0.6039980317006252,0.6097560975609756,1.0,0.6654407800416203,pima,0.1,0,1,1,refined
0.7102893890675241,0.5976203353163871,0.7130196757140701,0.4917868033009203,0.7986582069707733,0.27906976744186046,1.0,0.7115227212647833,pima,0.1,0,2,0,initial
0.6427503736920778,0.565752928390291,0.6559859963512894,0.7612368306638037,0.4309669712693627,0.6813186813186813,1.0,0.663552529342003,pima,0.1,0,2,1,initial
0.7341726618705036,0.5976203353163871,0.7397352411856696,0.5332095729801484,0.819680661136194,0.27906976744186046,1.0,0.7329600516442621,pima,0.1,0,2,0,refined
0.6957236842105263,0.565752928390291,0.7081964579271501,0.7782407352210359,0.5584466237126362,0.6813186813186813,1.0,0.7165861915861915,pima,0.1,0,2,1,refined
0.6822846943328871,0.5039758205201023,0.6827805349741455,0.7210341256118916,0.6370367307849527,0.5445859872611465,1.0,0.650985310006083,pima,0.1,0,3,0,initial
0.925,0.8998243343195265,0.9200945194924416,0.2000650864287228,0.9602992086482838,0.052884615384615384,1.0,0.9298574907818606,pima,0.1,0,3,1,initial
0.6771894093686355,0.5039758205201023,0.6779399538564271,0.7107289192464821,0.6387307714669208,0.5445859872611465,1.0,0.6330013176787371,pima,0.1,0,3,0,refined
0.9353159851301115,0.8998243343195265,0.9381199930497383,0.40708249438899585,0.9677718330764801,0.052884615384615384,1.0,0.9452264005835435,pima,0.1,0,3,1,refined
0.718070009460738,0.6477636142516103,0.7230348464692864,0.824706358912452,0.37914590732328535,0.7718120805369127,1.0,0.7553861696193629,pima,0.1,0,4,0,initial
0.7603121516164995,0.7052807107073291,0.7646918666694205,0.3561390080987193,0.8541462507355543,0.17962466487935658,1.0,0.7399795530406985,pima,0.1,0,4,1,initial
0.7211740041928721,0.6477636142516103,0.7196352458410533,0.8243777414195881,0.3653591578548326,0.7718120805369127,1.0,0.7152106986505963,pima,0.1,0,4,0,refined
0.7721674876847291,0.7052807107073291,0.7776938227810921,0.3783715502023742,0.8651271308293735,0.17962466487935658,1.0,0.7404859851688514,pima,0.1,0,4,1,refined
0.9302649930264993,0.9049999999999999,0.9189245808628936,0.10883116883116883,0.9615610762329844,0.05,1.0,0.8380092592592593,pima,0.1,1,0,0,initial
0.6524729773992795,0.5126635485017574,0.6547608530539333,0.5961461555154808,0.6972805311863354,0.42042755344418054,1.0,0.5939202422063988,pima,0.1,1,0,1,initial
0.9259818731117825,0.9049999999999999,0.9141489029975872,0.038181818181818185,0.9602524337773647,0.05,1.0,0.8486496836496837,pima,0.1,1,0,0,refined
0.6774907749077491,0.5126635485017574,0.6789286760422786,0.6193580309775204,0.7221418079130255,0.42042755344418054,1.0,0.6021706014021362,pima,0.1,1,0,1,refined
0.6796915167095116,0.5244147063361809,0.6798808205202999,0.7504817055878905,0.5692275102701336,0.6104868913857678,1.0,0.6538038322451278,pima,0.1,1,1,0,initial
0.8736442516268981,0.8615847231694465,0.8750552373888942,0.14915235263532478,0.9337452578583316,0.07480314960629922,1.0,0.8803205071502285,pima,0.1,1,1,1,initial
0.6762507188039103,0.5244147063361809,0.6779154194196368,0.7315962866607745,0.5937809832628539,0.6104868913857678,1.0,0.6328757780680857,pima,0.1,1,1,0,refined
0.8727272727272727,0.8615847231694465,0.8794026566172236,0.19043648559902432,0.9351063044867802,0.07480314960629922,1.0,0.8790644910644911,pima,0.1,1,1,1,refined
0.6553141514973576,0.5414277985642909,0.6622766866133872,0.533628850613772,0.733416384003903,0.35607675906183367,1.0,0.6532191710243221,pima,0.1,1,2,0,initial
0.7506849315068493,0.5894970414201184,0.7439286360949258,0.5260662431250667,0.8322512278394631,0.28846153846153844,1.0,0.8249528249528251,pima,0.1,1,2,1,initial
0.6766743648960739,0.5414277985642909,0.6788051593178399,0.5541643386260552,0.7477290568527011,0.35607675906183367,1.0,0.7025675461376337,pima,0.1,1,2,0,refined
0.875,0.5894970414201184,0.8732906469473212,0.7782817182817183,0.9118077801901331,0.28846153846153844,1.0,0.9571428571428571,pima,0.1,1,2,1,refined
0.9375494071146245,0.9456945788208857,0.9424033403823086,0.043671679197994986,0.9682289628301336,0.027932960893854747,1.0,0.927665544332211,pima,0.1,1,3,0,initial
0.6789623023915687,0.500514241515015,0.6818616344957409,0.7001917770835998,0.662316843905072,0.5160349854227405,1.0,0.6882603391006752,pima,0.1,1,3,1,initial
0.9431818181818182,0.9456945788208857,0.9485055757592025,0.0805263157894737,0.9734475085169533,0.027932960893854747,1.0,0.9438961988304094,pima,0.1,1,3,0,refined
0.6787989080982711,0.500514241515015,0.6845704920999466,0.7029901099683458,0.6649302971438824,0.5160349854227405,1.0,0.710207434955334,pima,0.1,1,3,1,refined
0.8863428047662695,0.899338859394488,0.8950414906904685,0.06522784781008466,0.9416275197644547,0.053156146179401995,1.0,0.883126078344794,pima,0.1,1,4,0,initial
0.7170050761421319,0.6261337810446141,0.7212892893402053,0.8201364374796722,0.42295062404654105,0.751131221719457,1.0,0.7093767974449793,pima,0.1,1,4,1,initial
0.9104704097116844,0.899338859394488,0.9058490554159475,0.06577380952380953,0.9530111744835762,0.053156146179401995,1.0,0.8783136534559683,pima,0.1,1,4,0,refined
0.7306629834254144,0.6261337810446141,0.7344041673218439,0.820516472453322,0.4745015736522913,0.751131221719457,1.0,0.6996606087515178,pima,0.1,1,4,1,refined
0.8521959459459459,0.8248668503213958,0.8429335319281983,0.14771913822257074,0.9175874265543059,0.09696969696969697,1.0,0.8543963690248519,pima,0.1,2,0,0,initial
0.6553473848555815,0.5022724403484409,0.6601345887710361,0.6397624272744484,0.677933424604897,0.46629213483146065,1.0,0.6279834907285888,pima,0.1,2,0,1,initial
0.8465204957102002,0.8248668503213958,0.8512892661432474,0.23984713203463204,0.9169474818864547,0.09696969696969697,1.0,0.840178040913335,pima,0.1,2,0,0,refined
0.6883173496076722,0.5022724403484409,0.6910776375777591,0.6761067524707999,0.704157463513313,0.46629213483146065,1.0,0.643312898521232,pima,0.1,2,0,1,refined
0.625089605734767,0.5010872775108057,0.6348415824166261,0.6215998171471032,0.6469033884047065,0.47668393782383417,1.0,0.6395392388467181,pima,0.1,2,1,0,initial
0.6943380161770967,0.6017995240928018,0.6983912485322232,0.46660150765413916,0.7860428312172131,0.27439024390243905,1.0,0.6577675245388691,pima,0.1,2,1,1,initial
0.6740924092409241,0.5010872775108057,0.6805190082415868,0.6612416288319001,0.6980786013672423,0.47668393782383417,1.0,0.6456210456210457,pima,0.1,2,1,0,refined
0.7220891231432679,0.6017995240928018,0.7296621091954774,0.5129012906343487,0.8116304859622905,0.27439024390243905,1.0,0.7114227184871711,pima,0.1,2,1,1,refined
0.7911184210526315,0.7311999999999999,0.7890163932284389,0.880727080159187,0.3075352868420095,0.84,1.0,0.7603866041366042,pima,0.1,2,2,0,initial
0.8356657337065174,0.8181529620100905,0.8389306146545659,0.2070733677492748,0.9100399511230068,0.10115606936416185,1.0,0.8570506609479475,pima,0.1,2,2,1,initial
0.7989130434782609,0.7311999999999999,0.7900759335902192,0.8797995390852534,0.3190270047412905,0.84,1.0,0.7587671587671587,pima,0.1,2,2,0,refined
0.8471731448763251,0.8181529620100905,0.850671385213767,0.2738963275164072,0.9155817614819586,0.10115606936416185,1.0,0.846402943461767,pima,0.1,2,2,1,refined
0.6584527220630373,0.5077498750020161,0.6639170700796276,0.7032738741266649,0.6133670465329745,0.5622489959839357,1.0,0.63425583085645,pima,0.1,2,3,0,initial
0.7809812847749115,0.7396449704142012,0.7803392637625777,0.30097089302099106,0.867497149351957,0.15384615384615385,1.0,0.7786247400626486,pima,0.1,2,3,1,initial
0.6890436985433819,0.5077498750020161,0.6902197316456318,0.7267768612715179,0.6432656201995396,0.5622489959839357,1.0,0.633473914973915,pima,0.1,2,3,0,refined
0.8018120045300113,0.7396449704142012,0.8031997960828805,0.36963922321065174,0.8820289911505584,0.15384615384615385,1.0,0.8135253635253635,pima,0.1,2,3,1,refined
0.7360441075120606,0.6325360258798156,0.7329371718169759,0.8307809819920892,0.4274248665763167,0.7574257425742574,1.0,0.7794784382284381,pima,0.1,2,4,0,initial
0.8623188405797102,0.83517578125,0.8576305707372548,0.18888305519137166,0.9242755121490436,0.090625,1.0,0.8694690470885323,pima,0.1,2,4,1,initial
0.7584050039093041,0.6325360258798156,0.7527553717718248,0.8426665629562795,0.4720122646040381,0.7574257425742574,1.0,0.7853003246753246,pima,0.1,2,4,0,refined
0.862810707456979,0.83517578125,0.8654242879220405,0.24579481820861135,0.9271743038041348,0.090625,1.0,0.8627327259728576,pima,0.1,2,4,1,refined
0.668997668997669,0.5561780219094284,0.6713850584542879,0.499684915979762,0.7568759243725667,0.3324022346368715,0.9335664335664335,0.6642767968610664,pima,0.8,0,0,0,initial
0.6515021459227468,0.5257631073807821,0.6648045205900406,0.5730300604821733,0.7226224304579972,0.38650306748466257,0.9153846153846154,0.6729491796718686,pima,0.8,0,0,1,initial
0.6728528269313768,0.5561780219094284,0.678271681743999,0.511943574040642,0.7610877688431601,0.3324022346368715,0.9475524475524476,0.681448778773502,pima,0.8,0,0,0,refined
0.6977428851815506,0.5257631073807821,0.6997718549705477,0.6027433812665755,0.7608997934040503,0.38650306748466257,0.9538461538461539,0.737231182795699,pima,0.8,0,0,1,refined
0.950800237107291,0.9419606983709548,0.9474608795045348,0.09706246134817564,0.9736846192714711,0.029914529914529916,0.9468085106382979,0.965115034777956,pima,0.8,0,1,0,initial
0.6673132880698351,0.5240928019036288,0.6781019897576206,0.7433251909730516,0.5761907378585097,0.6097560975609756,0.9478260869565217,0.6854139362166887,pima,0.8,0,1,1,initial
0.9509993552546744,0.9419606983709548,0.9488770068786143,0.07912087912087913,0.9756976804218046,0.029914529914529916,0.9627659574468085,0.9611418047882136,pima,0.8,0,1,0,refined
0.6852654387865655,0.5240928019036288,0.685760473101629,0.7468741683398915,0.5902703242918441,0.6097560975609756,0.9565217391304348,0.6927597402597402,pima,0.8,0,1,1,refined
0.7102893890675241,0.5976203353163871,0.7130196757140701,0.4917868033009203,0.7986582069707733,0.27906976744186046,0.9622093023255814,0.7229643216803338,pima,0.8,0,2,0,initial
0.6427503736920778,0.565752928390291,0.6559859963512894,0.7612368306638037,0.4309669712693627,0.6813186813186813,0.9315068493150684,0.6426470588235293,pima,0.8,0,2,1,initial
0.7251440922190202,0.5976203353163871,0.7311223653997415,0.5190871457011751,0.813200514960477,0.27906976744186046,0.9680232558139535,0.7496496496496495,pima,0.8,0,2,0,refined
0.6778523489932886,0.565752928390291,0.6876139693158201,0.7643047718175053,0.5236543225880795,0.6813186813186813,0.8904109589041096,0.7212820512820513,pima,0.8,0,2,1,refined
0.6822846943328871,0.5039758205201023,0.6827805349741455,0.7210341256118916,0.6370367307849527,0.5445859872611465,0.9482071713147411,0.6858793517406963,pima,0.8,0,3,0,initial
0.925,0.8998243343195265,0.9200945194924416,0.2000650864287228,0.9602992086482838,0.052884615384615384,0.9580838323353293,0.9172767857142858,pima,0.8,0,3,1,initial
0.6753507014028056,0.5039758205201023,0.6748721058064455,0.7080331163675361,0.6352180302403864,0.5445859872611465,0.9482071713147411,0.6649809923969588,pima,0.8,0,3,0,refined
0.918939393939394,0.8998243343195265,0.9173816266111305,0.20369855931353256,0.9572319501658189,0.052884615384615384,0.9580838323353293,0.9125,pima,0.8,0,3,1,refined
0.718070009460738,0.6477636142516103,0.7230348464692864,0.824706358912452,0.37914590732328535,0.7718120805369127,0.957983193277311,0.7265037593984962,pima,0.8,0,4,0,initial
0.7603121516164995,0.7052807107073291,0.7646918666694205,0.3561390080987193,0.8541462507355543,0.17962466487935658,0.9698996655518395,0.7909113300492611,pima,0.8,0,4,1,initial
0.7105263157894737,0.6477636142516103,0.7139693325158345,0.8161655835676567,0.36830554219349526,0.7718120805369127,0.907563025210084,0.6237654320987653,pima,0.8,0,4,0,refined
0.7696768848384424,0.7052807107073291,0.7715498670901138,0.3594753964902064,0.8617753230711391,0.17962466487935658,0.9364548494983278,0.7968409863945577,pima,0.8,0,4,1,refined
0.9302649930264993,0.9049999999999999,0.9189245808628936,0.10883116883116883,0.9615610762329844,0.05,0.9875,0.9342676311030742,pima,0.8,1,0,0,initial
0.6524729773992795,0.5126635485017574,0.6547608530539333,0.5961461555154808,0.6972805311863354,0.42042755344418054,0.9376854599406528,0.6683381052843078,pima,0.8,1,0,1,initial
0.9256449165402124,0.9049999999999999,0.9157020825900889,0.038181818181818185,0.9618873596642087,0.05,0.975,0.9275641025641027,pima,0.8,1,0,0,refined
0.664068299925761,0.5126635485017574,0.6668690385691096,0.6134591854885493,0.7056130713365651,0.42042755344418054,0.9821958456973294,0.6910300676161704,pima,0.8,1,0,1,refined
0.6796915167095116,0.5244147063361809,0.6798808205202999,0.7504817055878905,0.5692275102701336,0.6104868913857678,0.9107981220657277,0.719016936671576,pima,0.8,1,1,0,initial
0.8736442516268981,0.8615847231694465,0.8750552373888942,0.14915235263532478,0.9337452578583316,0.07480314960629922,0.9704433497536946,0.8633973894126179,pima,0.8,1,1,1,initial
0.693631669535284,0.5244147063361809,0.6934361415971596,0.7502159189237767,0.6044447598256346,0.6104868913857678,0.9154929577464789,0.7175579975579977,pima,0.8,1,1,0,refined
0.8711246200607903,0.8615847231694465,0.8740835193446356,0.14171592081808798,0.9332962187999735,0.07480314960629922,0.9211822660098522,0.8831041507512096,pima,0.8,1,1,1,refined
0.6553141514973576,0.5414277985642909,0.6622766866133872,0.533628850613772,0.733416384003903,0.35607675906183367,0.9521276595744681,0.6885541367384943,pima,0.8,1,2,0,initial
0.7506849315068493,0.5894970414201184,0.7439286360949258,0.5260662431250667,0.8322512278394631,0.28846153846153844,0.9761904761904762,0.7955284552845528,pima,0.8,1,2,1,initial
0.6745562130177515,0.5414277985642909,0.6770558648698027,0.5414649413636733,0.7520349517092849,0.35607675906183367,0.9308510638297872,0.7084625850340136,pima,0.8,1,2,0,refined
0.8675078864353313,0.5894970414201184,0.8602786966050542,0.7459111476758534,0.9066439191439192,0.28846153846153844,1.0,0.9027777777777777,pima,0.8,1,2,1,refined
0.9375494071146245,0.9456945788208857,0.9424033403823086,0.043671679197994986,0.9682289628301336,0.027932960893854747,0.9790209790209791,0.9279761904761906,pima,0.8,1,3,0,initial
0.6789623023915687,0.500514241515015,0.6818616344957409,0.7001917770835998,0.662316843905072,0.5160349854227405,0.9418181818181818,0.6525694061408347,pima,0.8,1,3,1,initial
0.9531388152077808,0.9456945788208857,0.9495787119868272,0.07176470588235292,0.9748032523921283,0.027932960893854747,0.951048951048951,0.9215686274509804,pima,0.8,1,3,0,refined
0.6838069463238611,0.500514241515015,0.6883386514779072,0.6998766494205179,0.6760360874065693,0.5160349854227405,0.9309090909090909,0.6844850570436508,pima,0.8,1,3,1,refined
0.8863428047662695,0.899338859394488,0.8950414906904685,0.06522784781008466,0.9416275197644547,0.053156146179401995,0.979253112033195,0.8959846650524617,pima,0.8,1,4,0,initial
0.7170050761421319,0.6261337810446141,0.7212892893402053,0.8201364374796722,0.42295062404654105,0.751131221719457,0.9661016949152542,0.7404483430799219,pima,0.8,1,4,1,initial
0.9156010230179028,0.899338859394488,0.9105806330471815,0.07886592574092574,0.9572733885450764,0.053156146179401995,0.970954356846473,0.9126848460181792,pima,0.8,1,4,0,refined
0.7343096234309623,0.6261337810446141,0.7395891715248124,0.8229468353618825,0.48800058612565494,0.751131221719457,0.9491525423728814,0.7846230158730159,pima,0.8,1,4,1,refined
0.8521959459459459,0.8248668503213958,0.8429335319281983,0.14771913822257074,0.9175874265543059,0.09696969696969697,0.9393939393939394,0.8618119559651817,pima,0.8,2,0,0,initial
0.6553473848555815,0.5022724403484409,0.6601345887710361,0.6397624272744484,0.677933424604897,0.46629213483146065,0.9333333333333333,0.6358485499462943,pima,0.8,2,0,1,initial
0.8530534351145038,0.8248668503213958,0.8511228993406028,0.21145495129870132,0.9198120749692633,0.09696969696969697,0.9696969696969697,0.8399739583333332,pima,0.8,2,0,0,refined
0.6818763326226013,0.5022724403484409,0.6842537118729417,0.6630948492025462,0.7027398761007608,0.46629213483146065,0.9298245614035088,0.6808071278825996,pima,0.8,2,0,1,refined
0.625089605734767,0.5010872775108057,0.6348415824166261,0.6215998171471032,0.6469033884047065,0.47668393782383417,0.9548387096774194,0.609708815958816,pima,0.8,2,1,0,initial
0.6943380161770967,0.6017995240928018,0.6983912485322232,0.46660150765413916,0.7860428312172131,0.27439024390243905,0.9389312977099237,0.7209639953542392,pima,0.8,2,1,1,initial
0.6356907894736842,0.5010872775108057,0.6414313024461636,0.6260254537060108,0.6554643527837285,0.47668393782383417,0.9290322580645162,0.6871527777777777,pima,0.8,2,1,0,refined
0.7045889101338432,0.6017995240928018,0.7127896970717563,0.4914122733609318,0.7965038488951773,0.27439024390243905,0.9351145038167938,0.7208163265306123,pima,0.8,2,1,1,refined
0.7911184210526315,0.7311999999999999,0.7890163932284389,0.880727080159187,0.3075352868420095,0.84,0.9285714285714286,0.729017094017094,pima,0.8,2,2,0,initial
0.8356657337065174,0.8181529620100905,0.8389306146545659,0.2070733677492748,0.9100399511230068,0.10115606936416185,0.9530685920577617,0.8244859307359307,pima,0.8,2,2,1,initial
0.8071748878923767,0.7311999999999999,0.8037925705271147,0.889327882754361,0.354732181334072,0.84,0.9428571428571428,0.779229797979798,pima,0.8,2,2,0,refined
0.8498445135495335,0.8181529620100905,0.8499534186270407,0.25778243075139406,0.9165964558477724,0.10115606936416185,0.9494584837545126,0.8510773130544994,pima,0.8,2,2,1,refined
0.6584527220630373,0.5077498750020161,0.6639170700796276,0.7032738741266649,0.6133670465329745,0.5622489959839357,0.9095477386934674,0.6945124090151714,pima,0.8,2,3,0,initial
0.7809812847749115,0.7396449704142012,0.7803392637625777,0.30097089302099106,0.867497149351957,0.15384615384615385,0.9680365296803652,0.7830750224618149,pima,0.8,2,3,1,initial
0.7020872865275142,0.5077498750020161,0.7039561958270871,0.7455544851561585,0.6505272003585549,0.5622489959839357,0.9447236180904522,0.7158497973657548,pima,0.8,2,3,0,refined
0.78,0.7396449704142012,0.778749357658877,0.2787600696435283,0.8696565009343951,0.15384615384615385,0.9406392694063926,0.8079288025889968,pima,0.8,2,3,1,refined
0.7360441075120606,0.6325360258798156,0.7329371718169759,0.8307809819920892,0.4274248665763167,0.7574257425742574,0.9565217391304348,0.7303571428571428,pima,0.8,2,4,0,initial
0.8623188405797102,0.83517578125,0.8576305707372548,0.18888305519137166,0.9242755121490436,0.090625,0.984375,0.834448223733938,pima,0.8,2,4,1,initial
0.7444015444015444,0.6325360258798156,0.7419536888716658,0.8300475691157478,0.4668850423952464,0.7574257425742574,0.906832298136646,0.7627636442704936,pima,0.8,2,4,0,refined
0.8592916060164969,0.83517578125,0.8560302256692565,0.17812206950137985,0.9235880831567769,0.090625,0.953125,0.8543032786885245,pima,0.8,2,4,1,refined
0.7649253731343284,0.7168352171326591,0.7409312018747193,0.8532523590960123,0.19537129537129538,0.8292682926829268,1.0,0.5869318181818182,early,0.1,0,0,0,initial
0.8380706287683032,0.5149778106508875,0.831547210031678,0.8387349296732551,0.8213506775168824,0.5865384615384616,1.0,0.8205482557712159,early,0.1,0,0,1,initial
0.7777777777777778,0.7168352171326591,0.7549335149944906,0.8691845327874739,0.2,0.8292682926829268,1.0,0.5952380952380952,early,0.1,0,0,0,refined
0.9009552538964304,0.5149778106508875,0.8981706141576796,0.9162041614155506,0.8725881401406997,0.5865384615384616,1.0,0.879305767803221,early,0.1,0,0,1,refined
0.7933491686460807,0.5663069263924622,0.7932316326779506,0.8326787612607784,0.7085996113547932,0.6820809248554913,1.0,0.8377085332967686,early,0.1,0,1,0,initial
0.8349442379182156,0.505,0.821516343594451,0.8178382184264539,0.826011829910892,0.55,1.0,0.9153300403300402,early,0.1,0,1,1,initial
0.9406631762652705,0.5663069263924622,0.9392268383151442,0.9544103495374682,0.9066513051472485,0.6820809248554913,1.0,0.9786096256684492,early,0.1,0,1,0,refined
0.9301310043668122,0.505,0.925744463869464,0.9326464781010235,0.9173086686975577,0.55,1.0,0.9741690408357075,early,0.1,0,1,1,refined
0.7889518413597734,0.7375812988971626,0.7944253903540329,0.8659509787272145,0.40550500357485647,0.8446601941747572,1.0,0.7886658795749706,early,0.1,0,2,0,initial
0.8522483940042827,0.5008,0.8419496817113584,0.8319397098627868,0.8527938178806441,0.52,1.0,0.781365800865801,early,0.1,0,2,1,initial
0.8437956204379562,0.7375812988971626,0.8460284806136048,0.9071418702250345,0.5137244246014563,0.8446601941747572,1.0,0.8142996709173179,early,0.1,0,2,0,refined
0.9230769230769231,0.5008,0.9170923671100143,0.9201229966614582,0.9138091850959498,0.52,1.0,0.9082626262626262,early,0.1,0,2,1,refined
0.8585795097423005,0.7626462418988302,0.8675203431867785,0.9133109542091163,0.5805658474467948,0.8623853211009175,1.0,0.8074964259499833,early,0.1,0,3,0,initial
0.8432122370936902,0.6626611796982167,0.8163663127454855,0.5043600078082837,0.9017265282471729,0.21481481481481482,1.0,0.7556944048015478,early,0.1,0,3,1,initial
0.9197530864197531,0.7626462418988302,0.9172862719889945,0.9497188238857512,0.7140422801026517,0.8623853211009175,1.0,0.8637747798844057,early,0.1,0,3,0,refined
0.8838071693448702,0.6626611796982167,0.8868033190866009,0.7359626963075236,0.9280710366393671,0.21481481481481482,1.0,0.8019480519480519,early,0.1,0,3,1,refined
0.8595950704225352,0.5418975069252078,0.8544306348124306,0.8740992346822178,0.8187357683820758,0.6447368421052632,1.0,0.7863690734346384,early,0.1,0,4,0,initial
0.7963525835866262,0.510204081632653,0.7927231691526884,0.7254586683158112,0.8431715447803462,0.42857142857142855,1.0,0.8377777777777778,early,0.1,0,4,1,initial
0.930668016194332,0.5418975069252078,0.9312115775123975,0.9475890780525678,0.9014894469024587,0.6447368421052632,1.0,0.855095347410338,early,0.1,0,4,0,refined
0.9461279461279462,0.510204081632653,0.9470845481049563,0.930952380952381,0.9591836734693878,0.42857142857142855,1.0,1.0,early,0.1,0,4,1,refined
0.866620594333103,0.8145065398335316,0.8669252011801597,0.921294609752931,0.3957236602161414,0.896551724137931,1.0,0.8823111683637999,early,0.1,1,0,0,initial
0.8415492957746479,0.6422222222222221,0.8230353904860275,0.5683000333000333,0.9005635426730693,0.23333333333333334,1.0,0.8171209332539383,early,0.1,1,0,1,initial
0.8690563277249451,0.8145065398335316,0.8759911877721361,0.930254190570465,0.40571183018662005,0.896551724137931,1.0,0.8838780663780664,early,0.1,1,0,0,refined
0.9264544456641054,0.6422222222222221,0.9257984711367064,0.8395337995337995,0.9520529364071565,0.23333333333333334,1.0,0.9058621933621934,early,0.1,1,0,1,refined
0.5106382978723404,0.5011337868480725,0.5138684713651541,0.4822510822510822,0.5486475993906333,0.5238095238095238,1.0,0.5104166666666667,early,0.1,1,1,0,initial
0.8612326043737575,0.5290317898098418,0.8558898466427113,0.8706530668295995,0.8317531533212909,0.6204819277108434,1.0,0.8710054968831871,early,0.1,1,1,1,initial
0.8114754098360656,0.5011337868480725,0.8383675639314736,0.8602601545185277,0.8142857142857143,0.5238095238095238,1.0,0.7060439560439561,early,0.1,1,1,0,refined
0.9253383107792814,0.5290317898098418,0.92008245650481,0.9310314617960249,0.9021817018223476,0.6204819277108434,1.0,0.9384238310708899,early,0.1,1,1,1,refined
0.8753246753246753,0.8200000000000001,0.8569511044511045,0.9224864641531307,0.26713286713286716,0.9,1.0,0.8833333333333333,early,0.1,1,2,0,initial
0.8478949751018561,0.5063425316544165,0.8390550624119529,0.835335247342598,0.8437191382296829,0.5563139931740614,1.0,0.8488375130616511,early,0.1,1,2,1,initial
0.8856382978723404,0.8200000000000001,0.8774746780996782,0.9368405514238847,0.3431818181818182,0.9,1.0,0.875,early,0.1,1,2,0,refined
0.9122055674518201,0.5063425316544165,0.9116422189402432,0.9238061819891484,0.8963904806558466,0.5563139931740614,1.0,0.9364357864357864,early,0.1,1,2,1,refined
0.8300479488545551,0.5716258472087745,0.8315987323368081,0.8648223218994439,0.7579105144607059,0.6892430278884463,1.0,0.8537330272067113,early,0.1,1,3,0,initial
0.7819650067294751,0.5094194540561322,0.7602782718911483,0.6773146806402154,0.8232161687022008,0.43137254901960786,1.0,0.6308008658008658,early,0.1,1,3,1,initial
0.9290123456790124,0.5716258472087745,0.9301019309719507,0.9462556559732173,0.8942737973152952,0.6892430278884463,1.0,0.9481731601731602,early,0.1,1,3,0,refined
0.8944099378881988,0.5094194540561322,0.8894203715354235,0.8739859572245934,0.9011292375643288,0.43137254901960786,1.0,0.7510489510489511,early,0.1,1,3,1,refined
0.8660924040720438,0.83213605533095,0.8660741705799175,0.9192398159937255,0.34438627495692714,0.9075144508670521,1.0,0.8419515669515669,early,0.1,1,4,0,initial
0.8556776556776556,0.5555555555555556,0.83913144664847,0.7283802016696754,0.8945070691378676,0.3333333333333333,1.0,0.8386123136123137,early,0.1,1,4,1,initial
0.918825561312608,0.83213605533095,0.9218900523092617,0.9572147557021647,0.5752664002664003,0.9075144508670521,1.0,0.860006497725796,early,0.1,1,4,0,refined
0.9149868536371604,0.5555555555555556,0.9110310428067135,0.869287583331701,0.9319027725442199,0.3333333333333333,1.0,0.9072344866462514,early,0.1,1,4,1,refined
0.823094425483504,0.5041322314049586,0.8070363247405388,0.761150103520736,0.8452748424237078,0.45454545454545453,1.0,0.8660022405426817,early,0.1,2,0,0,initial
0.8765714285714286,0.8495028218220908,0.8698797604170517,0.9224757166852756,0.28080505021294494,0.9180327868852459,1.0,0.8608511586452763,early,0.1,2,0,1,initial
0.8970487302676733,0.5041322314049586,0.8943041523721834,0.8830881000418815,0.903650862647435,0.45454545454545453,1.0,0.9438997821350763,early,0.1,2,0,0,refined
0.9111111111111111,0.8495028218220908,0.9055000159235554,0.9523981043773172,0.38024142524142523,0.9180327868852459,1.0,0.9267676767676768,early,0.1,2,0,1,refined
0.8371484630477436,0.5184547064961538,0.8233072192691172,0.8304948252201533,0.8127011178047836,0.5960591133004927,1.0,0.8603899042134338,early,0.1,2,1,0,initial
0.8563586459286368,0.5392,0.8486491993929283,0.8658001202784001,0.8181586733743115,0.64,1.0,0.8236141636141635,early,0.1,2,1,1,initial
0.915057915057915,0.5184547064961538,0.9110103244738134,0.9264307911609807,0.8882557333866516,0.5960591133004927,1.0,0.9280952380952382,early,0.1,2,1,0,refined
0.949,0.5392,0.9428781101938997,0.9542030885780886,0.9227448152886749,0.64,1.0,0.8711577311577312,early,0.1,2,1,1,refined
0.8589743589743589,0.6684434446672209,0.8347925990196498,0.5504308191808193,0.9102868768529677,0.2097902097902098,1.0,0.8818889443889443,early,0.1,2,2,0,initial
0.8658210947930574,0.8049433106575963,0.8740512107878077,0.9210205171409601,0.49217032869913463,0.8904761904761904,1.0,0.9050431050431049,early,0.1,2,2,1,initial
0.9131428571428571,0.6684434446672209,0.9123642257692032,0.7765811965811966,0.948412817589028,0.2097902097902098,1.0,0.9835164835164836,early,0.1,2,2,0,refined
0.8974358974358975,0.8049433106575963,0.9005849434848964,0.9420918266239536,0.5631159370934311,0.8904761904761904,1.0,0.9047619047619048,early,0.1,2,2,1,refined
0.8090349075975359,0.6632653061224489,0.7830321083934522,0.41897731897731905,0.882319778234216,0.21428571428571427,1.0,0.7201894259586569,early,0.1,2,3,0,initial
0.8531211750305998,0.7271439383648042,0.8533453025126497,0.9054264278531021,0.5859016858995159,0.8370044052863436,1.0,0.8766139657444006,early,0.1,2,3,1,initial
0.8745046235138706,0.6632653061224489,0.8747296192499274,0.7060889636870028,0.9207225253125431,0.21428571428571427,1.0,0.7591122552661015,early,0.1,2,3,0,refined
0.9170153417015342,0.7271439383648042,0.9159834803499307,0.9506594601920086,0.7379176379176379,0.8370044052863436,1.0,0.9287106613193569,early,0.1,2,3,1,refined
0.8466105888174171,0.5290106025893762,0.842344045130621,0.8580736714266127,0.8166321559929426,0.6204379562043796,1.0,0.7898185148185147,early,0.1,2,4,0,initial
0.7952468007312614,0.5180259573786252,0.7863061400769851,0.8005489197143237,0.7653870574846438,0.5949367088607594,1.0,0.8095571095571095,early,0.1,2,4,1,initial
0.9125586854460094,0.5290106025893762,0.9092666662434308,0.9312738078914549,0.8732934539341604,0.6204379562043796,1.0,0.8676046176046176,early,0.1,2,4,0,refined
0.9266247379454927,0.5180259573786252,0.9293950372040468,0.9368248772504092,0.9184824596359522,0.5949367088607594,1.0,0.9299715909090909,early,0.1,2,4,1,refined
0.7649253731343284,0.7168352171326591,0.7409312018747193,0.8532523590960123,0.19537129537129538,0.8292682926829268,0.9393939393939394,0.803763440860215,early,0.8,0,0,0,initial
0.8380706287683032,0.5149778106508875,0.831547210031678,0.8387349296732551,0.8213506775168824,0.5865384615384616,0.9839357429718876,0.8212827988338193,early,0.8,0,0,1,initial
0.7626459143968871,0.7168352171326591,0.7414380862481829,0.860397264432969,0.16363636363636364,0.8292682926829268,0.9696969696969697,0.7984375,early,0.8,0,0,0,refined
0.871282301316431,0.5149778106508875,0.8745162866782877,0.8893704152235057,0.8534441508350717,0.5865384615384616,0.9236947791164659,0.8984782608695652,early,0.8,0,0,1,refined
0.7933491686460807,0.5663069263924622,0.7932316326779506,0.8326787612607784,0.7085996113547932,0.6820809248554913,0.9782608695652174,0.7817460317460316,early,0.8,0,1,0,initial
0.8349442379182156,0.505,0.821516343594451,0.8178382184264539,0.826011829910892,0.55,0.9583333333333334,0.7995600414078675,early,0.8,0,1,1,initial
0.8884892086330936,0.5663069263924622,0.8843182774601555,0.9185856545852217,0.8107991774463771,0.6820809248554913,0.9565217391304348,0.8977272727272727,early,0.8,0,1,0,refined
0.8844483058210252,0.505,0.883361601634698,0.8855818446582222,0.8806479712726132,0.55,0.9375,0.9259259259259259,early,0.8,0,1,1,refined
0.7889518413597734,0.7375812988971626,0.7944253903540329,0.8659509787272145,0.40550500357485647,0.8446601941747572,0.9759036144578314,0.8094944150499704,early,0.8,0,2,0,initial
0.8522483940042827,0.5008,0.8419496817113584,0.8319397098627868,0.8527938178806441,0.52,0.945,0.8537117203783872,early,0.8,0,2,1,initial
0.8272727272727273,0.7375812988971626,0.8202812331896463,0.8944943056184648,0.416747651857946,0.8446601941747572,0.891566265060241,0.8326576576576575,early,0.8,0,2,0,refined
0.8641819330385344,0.5008,0.8624319221542133,0.8652547468077951,0.8593738621128326,0.52,0.895,0.9217877094972067,early,0.8,0,2,1,refined
0.8585795097423005,0.7626462418988302,0.8675203431867785,0.9133109542091163,0.5805658474467948,0.8623853211009175,0.9655172413793104,0.8891865079365079,early,0.8,0,3,0,initial
0.8432122370936902,0.6626611796982167,0.8163663127454855,0.5043600078082837,0.9017265282471729,0.21481481481481482,0.9537037037037037,0.8144012944983818,early,0.8,0,3,1,initial
0.9201623815967523,0.7626462418988302,0.9174117692397931,0.9467519035338184,0.7335469276639016,0.8623853211009175,0.9942528735632183,0.939980732177264,early,0.8,0,3,0,refined
0.8591065292096219,0.6626611796982167,0.8557124371443258,0.6273492312285415,0.9181891632910968,0.21481481481481482,0.8703703703703703,0.8606382978723405,early,0.8,0,3,1,refined
0.8595950704225352,0.5418975069252078,0.8544306348124306,0.8740992346822178,0.8187357683820758,0.6447368421052632,0.9670781893004116,0.8220060790273557,early,0.8,0,4,0,initial
0.7963525835866262,0.510204081632653,0.7927231691526884,0.7254586683158112,0.8431715447803462,0.42857142857142855,0.9487179487179487,0.7518018018018017,early,0.8,0,4,1,initial
0.9225869671729544,0.5418975069252078,0.9201697110978161,0.9380834206415097,0.8876596456296318,0.6447368421052632,0.9629629629629629,0.9345746845746845,early,0.8,0,4,0,refined
0.9133333333333333,0.510204081632653,0.9112647556525107,0.8882783882783882,0.9285045311831025,0.42857142857142855,0.9743589743589743,0.8157894736842105,early,0.8,0,4,1,refined
0.866620594333103,0.8145065398335316,0.8669252011801597,0.921294609752931,0.3957236602161414,0.896551724137931,0.9570552147239264,0.8801739926739928,early,0.8,1,0,0,initial
0.8415492957746479,0.6422222222222221,0.8230353904860275,0.5683000333000333,0.9005635426730693,0.23333333333333334,0.9583333333333334,0.8171428571428571,early,0.8,1,0,1,initial
0.868815592203898,0.8145065398335316,0.8732131523938247,0.9225502994814565,0.4456245443010148,0.896551724137931,0.9079754601226994,0.8863226863226864,early,0.8,1,0,0,refined
0.9043869516310461,0.6422222222222221,0.9015720363514483,0.784378478664193,0.9372396408649606,0.23333333333333334,0.9916666666666667,0.9327731092436975,early,0.8,1,0,1,refined
0.5106382978723404,0.5011337868480725,0.5138684713651541,0.4822510822510822,0.5486475993906333,0.5238095238095238,0.9411764705882353,0.53125,early,0.8,1,1,0,initial
0.8612326043737575,0.5290317898098418,0.8558898466427113,0.8706530668295995,0.8317531533212909,0.6204819277108434,0.943609022556391,0.8628675773098083,early,0.8,1,1,1,initial
0.5971223021582733,0.5011337868480725,0.6208147474014347,0.6114441930618401,0.6311223571749888,0.5238095238095238,1.0,0.7745098039215685,early,0.8,1,1,0,refined
0.9055734684477199,0.5290317898098418,0.9003458723956665,0.9138434398043569,0.878278420917966,0.6204819277108434,0.8872180451127819,0.9318502824858756,early,0.8,1,1,1,refined
0.8753246753246753,0.8200000000000001,0.8569511044511045,0.9224864641531307,0.26713286713286716,0.9,0.8958333333333334,0.8100775193798451,early,0.8,1,2,0,initial
0.8478949751018561,0.5063425316544165,0.8390550624119529,0.835335247342598,0.8437191382296829,0.5563139931740614,0.905982905982906,0.7841681641209943,early,0.8,1,2,1,initial
0.875,0.8200000000000001,0.8578727753727754,0.9274343968788413,0.2318181818181818,0.9,0.9375,0.85,early,0.8,1,2,0,refined
0.8959749085206482,0.5063425316544165,0.8937893492630726,0.9009668833737707,0.8847898257242744,0.5563139931740614,0.905982905982906,0.8979559748427673,early,0.8,1,2,1,refined
0.8300479488545551,0.5716258472087745,0.8315987323368081,0.8648223218994439,0.7579105144607059,0.6892430278884463,0.945,0.823822121441169,early,0.8,1,3,0,initial
0.7819650067294751,0.5094194540561322,0.7602782718911483,0.6773146806402154,0.8232161687022008,0.43137254901960786,0.9382716049382716,0.7478070175438596,early,0.8,1,3,1,initial
0.9169288860918817,0.5716258472087745,0.9169291634583716,0.9407434257910288,0.8641103508487609,0.6892430278884463,0.92,0.9085144927536232,early,0.8,1,3,0,refined
0.8518518518518519,0.5094194540561322,0.8392120162306356,0.8094756884529613,0.8617706097171474,0.43137254901960786,0.9012345679012346,0.9178082191780822,early,0.8,1,3,1,refined
0.8660924040720438,0.83213605533095,0.8660741705799175,0.9192398159937255,0.34438627495692714,0.9075144508670521,0.9280575539568345,0.8498031253845207,early,0.8,1,4,0,initial
0.8556776556776556,0.5555555555555556,0.83913144664847,0.7283802016696754,0.8945070691378676,0.3333333333333333,0.9791666666666666,0.8394799054373522,early,0.8,1,4,1,initial
0.8518518518518519,0.83213605533095,0.85829449192614,0.9151293947318501,0.3006020081451116,0.9075144508670521,0.9568345323741008,0.8671500179018976,early,0.8,1,4,0,refined
0.8848538529672276,0.5555555555555556,0.884416945761115,0.8244213459828785,0.9144147456502334,0.3333333333333333,0.9305555555555556,0.9104477611940298,early,0.8,1,4,1,refined
0.823094425483504,0.5041322314049586,0.8070363247405388,0.761150103520736,0.8452748424237078,0.45454545454545453,0.9459459459459459,0.8180340136054423,early,0.8,2,0,0,initial
0.8765714285714286,0.8495028218220908,0.8698797604170517,0.9224757166852756,0.28080505021294494,0.9180327868852459,0.9795918367346939,0.8753472222222222,early,0.8,2,0,1,initial
0.8914027149321267,0.5041322314049586,0.8864661027822943,0.8736224684532956,0.8971691313897934,0.45454545454545453,0.9675675675675676,0.9078212290502793,early,0.8,2,0,0,refined
0.88510101010101,0.8495028218220908,0.8779088424700768,0.935359732471077,0.23445887445887442,0.9180327868852459,0.9897959183673469,0.8969072164948454,early,0.8,2,0,1,refined
0.8371484630477436,0.5184547064961538,0.8233072192691172,0.8304948252201533,0.8127011178047836,0.5960591133004927,0.950920245398773,0.8333179723502304,early,0.8,2,1,0,initial
0.8563586459286368,0.5392,0.8486491993929283,0.8658001202784001,0.8181586733743115,0.64,0.9333333333333333,0.8212585034013605,early,0.8,2,1,1,initial
0.8877937831690674,0.5184547064961538,0.8789599841391846,0.8983489296043987,0.8503494670502713,0.5960591133004927,0.9386503067484663,0.9150326797385621,early,0.8,2,1,0,refined
0.9197224975222993,0.5392,0.9099772254176279,0.9281164292883043,0.8777297518697587,0.64,0.9083333333333333,0.9541284403669725,early,0.8,2,1,1,refined
0.8589743589743589,0.6684434446672209,0.8347925990196498,0.5504308191808193,0.9102868768529677,0.2097902097902098,0.9473684210526315,0.8242283950617284,early,0.8,2,2,0,initial
0.8658210947930574,0.8049433106575963,0.8740512107878077,0.9210205171409601,0.49217032869913463,0.8904761904761904,0.9642857142857143,0.859053497942387,early,0.8,2,2,1,initial
0.876391982182628,0.6684434446672209,0.8697316052931026,0.684040640731817,0.9190300914598156,0.2097902097902098,0.9122807017543859,0.9038461538461539,early,0.8,2,2,0,refined
0.8970268310369833,0.8049433106575963,0.9003192723864992,0.9413073952017016,0.5670680129759414,0.8904761904761904,0.9523809523809523,0.9264583333333334,early,0.8,2,2,1,refined
0.8090349075975359,0.6632653061224489,0.7830321083934522,0.41897731897731905,0.882319778234216,0.21428571428571427,0.9702970297029703,0.8165694849368318,early,0.8,2,3,0,initial
0.8531211750305998,0.7271439383648042,0.8533453025126497,0.9054264278531021,0.5859016858995159,0.8370044052863436,0.945054945054945,0.8682908822443706,early,0.8,2,3,1,initial
0.8585987261146497,0.6632653061224489,0.8569628861645667,0.6513289179955846,0.9130448774833801,0.21428571428571427,0.8415841584158416,0.8823529411764706,early,0.8,2,3,0,refined
0.8956884561891516,0.7271439383648042,0.8966049013179098,0.9352078404052089,0.6983735924912395,0.8370044052863436,0.9505494505494505,0.9215799614643545,early,0.8,2,3,1,refined
0.8466105888174171,0.5290106025893762,0.842344045130621,0.8580736714266127,0.8166321559929426,0.6204379562043796,0.958904109589041,0.845285336356765,early,0.8,2,4,0,initial
0.7952468007312614,0.5180259573786252,0.7863061400769851,0.8005489197143237,0.7653870574846438,0.5949367088607594,0.953125,0.6969945355191257,early,0.8,2,4,1,initial
0.8827231121281465,0.5290106025893762,0.8811736061433686,0.9097106027382844,0.8345265924786023,0.6204379562043796,0.9452054794520548,0.893719806763285,early,0.8,2,4,0,refined
0.7933884297520661,0.5180259573786252,0.7831414087277827,0.8078435748648515,0.7468601022139625,0.5949367088607594,0.765625,0.8571428571428571,early,0.8,2,4,1,refined
