dataset,rho,repeat,fold,auroc
gdm_early,0.1,0,0,0.9903551408200245
gdm_early,0.1,0,1,0.995783020305858
gdm_early,0.1,0,2,0.9889833522448218
gdm_early,0.1,0,3,0.9912389006342495
gdm_early,0.1,0,4,0.9912008456659619
gdm_early,0.1,1,0,0.9933442850610531
gdm_early,0.1,1,1,0.9969685166054161
gdm_early,0.1,1,2,0.9928573847951632
gdm_early,0.1,1,3,0.9919915433403805
gdm_early,0.1,1,4,0.9921183932346723
gdm_early,0.1,2,0,0.9935475129981202
gdm_early,0.1,2,1,0.991070672515115
gdm_early,0.1,2,2,0.9937507409351872
gdm_early,0.1,2,3,0.9923805496828753
gdm_early,0.1,2,4,0.9895475687103593
gdm_early,0.8,0,0,0.9905414330956696
gdm_early,0.8,0,1,0.9914813623046048
gdm_early,0.8,0,2,0.9855792842989483
gdm_early,0.8,0,3,0.9870486257928117
gdm_early,0.8,0,4,0.9894122621564482
gdm_early,0.8,1,0,0.9862694125019053
gdm_early,0.8,1,1,0.990740427117381
gdm_early,0.8,1,2,0.9861042898030382
gdm_early,0.8,1,3,0.9915644820295983
gdm_early,0.8,1,4,0.9898054968287526
gdm_early,0.8,2,0,0.9865065117618168
gdm_early,0.8,2,1,0.9905583687570918
gdm_early,0.8,2,2,0.9901519128829577
gdm_early,0.8,2,3,0.9898689217758985
gdm_early,0.8,2,4,0.9829852008456659
pima,0.1,0,0,0.8272222222222223
pima,0.1,0,1,0.8023148148148148
pima,0.1,0,2,0.8105555555555556
pima,0.1,0,3,0.8015094339622642
pima,0.1,0,4,0.8579245283018868
pima,0.1,1,0,0.8583333333333334
pima,0.1,1,1,0.825462962962963
pima,0.1,1,2,0.8112962962962963
pima,0.1,1,3,0.8125471698113208
pima,0.1,1,4,0.7985849056603773
pima,0.1,2,0,0.808888888888889
pima,0.1,2,1,0.8375925925925926
pima,0.1,2,2,0.8375
pima,0.1,2,3,0.7581132075471698
pima,0.1,2,4,0.8375471698113208
pima,0.8,0,0,0.802037037037037
pima,0.8,0,1,0.7853703703703704
pima,0.8,0,2,0.7933333333333333
pima,0.8,0,3,0.8079245283018868
pima,0.8,0,4,0.8407547169811321
pima,0.8,1,0,0.8412962962962963
pima,0.8,1,1,0.8211111111111111
pima,0.8,1,2,0.7577777777777777
pima,0.8,1,3,0.7530188679245283
pima,0.8,1,4,0.7947169811320755
pima,0.8,2,0,0.725925925925926
pima,0.8,2,1,0.8248148148148148
pima,0.8,2,2,0.8085185185185185
pima,0.8,2,3,0.7283018867924528
pima,0.8,2,4,0.7854716981132076
early,0.1,0,0,0.996875
early,0.1,0,1,0.99921875
early,0.1,0,2,0.98515625
early,0.1,0,3,0.9904296875
early,0.1,0,4,0.9357421875
early,0.1,1,0,0.99609375
early,0.1,1,1,0.991015625
early,0.1,1,2,0.9874999999999999
early,0.1,1,3,0.976171875
early,0.1,1,4,0.9890625
early,0.1,2,0,0.9949218750000001
early,0.1,2,1,0.9636718750000001
early,0.1,2,2,0.98828125
early,0.1,2,3,0.998828125
early,0.1,2,4,0.9826171874999999
early,0.8,0,0,0.9898437499999999
early,0.8,0,1,0.979296875
early,0.8,0,2,0.9035156249999999
early,0.8,0,3,0.975390625
early,0.8,0,4,0.9457031250000001
early,0.8,1,0,0.933203125
early,0.8,1,1,0.951171875
early,0.8,1,2,0.9044921875
early,0.8,1,3,0.9546875
early,0.8,1,4,0.9703125
early,0.8,2,0,0.9769531250000001
early,0.8,2,1,0.929296875
early,0.8,2,2,0.9460937500000001
early,0.8,2,3,0.96875
early,0.8,2,4,0.946484375
