dataset,method,recalibration,auroc_mean,auroc_std,brier_mean,brier_std,cal_intercept_mean,cal_intercept_std,cal_slope_mean,cal_slope_std,ece_mean,ece_std
early,FedAvg-LR,None,0.9500703125,0.025788458765282584,0.0888318607420536,0.027882081980184138,0.2462632991389677,0.6609719195401476,1.0246539924760916,0.3556837383862201,0.08916331333673654,0.02754898556663461
early,FedAvg-LR,Platt scaling,0.9500703125,0.025788458765282584,0.08585128386689336,0.023039398024642315,-0.02870904483864518,0.4806765708658894,1.0736898294033246,0.49791805486321666,0.08445642834003537,0.021828881536926168
early,FedAvg-LR,Temperature scaling,0.9500703125,0.025788458765282584,0.08873890312462189,0.024277271330543092,0.241442581507986,0.5382819751886823,1.2313658234584464,0.5905573213664648,0.09262409295783713,0.02544958856229615
early,FedTGNN-SS,None,0.942796875,0.03157211616620546,0.12477127098233,0.04203727085779756,4.179068063130037,3.2770322787883805,0.3309047116304131,0.1068399959522247,0.13196147367750105,0.043044511177942904
early,FedTGNN-SS,Platt scaling,0.94119921875,0.03123196850040732,0.09354731234859391,0.03053802387684884,-0.08694961980707233,0.5593950011344252,1.0145809710441263,0.3365375763386448,0.0880337869445315,0.032086761195929334
early,FedTGNN-SS,Temperature scaling,0.94119921875,0.03123196850040732,0.10379613430677985,0.028851202199500603,0.8144209047180492,0.5524177829982535,1.245049284376092,0.35248365126940234,0.11593012609363812,0.029170945346909807
gdm_early,FedAvg-LR,None,0.9768379749646526,0.008206998876936607,0.04289727110103913,0.01546296343945702,0.13905350972945915,0.7723461838424952,0.8578081042855297,0.15885208997392428,0.047832575076580335,0.01962258660692417
gdm_early,FedAvg-LR,Platt scaling,0.9768440709090772,0.00820949428888783,0.04192214191996731,0.0066217792330362825,0.009027320463921353,0.2646509428827626,1.0175308794272242,0.22892213168827377,0.051589215350521134,0.014412371912040067
gdm_early,FedAvg-LR,Temperature scaling,0.9768440709090772,0.00820949428888783,0.04415250233723433,0.013511940736892207,-0.039753626992180956,0.506737517494856,1.0680123192176882,0.27684884624272454,0.05705308605742025,0.019744511959376498
gdm_early,FedTGNN-SS,None,0.9852940403865756,0.007423237299789183,0.03395921737861402,0.013719855455437652,-2.079186404964566,2.8035425195929005,0.3780589915684942,0.05703580084372781,0.03417394350229822,0.013987592694553233
gdm_early,FedTGNN-SS,Platt scaling,0.9850132538199853,0.007406552959573639,0.03065727692310817,0.010633823685073112,0.030048664210208003,0.4764655522565527,1.0066692351916628,0.10186094596009565,0.02275816530974721,0.00928793717269993
gdm_early,FedTGNN-SS,Temperature scaling,0.9850132538199853,0.007406552959573639,0.03115052450385654,0.011814702597430322,-0.48341544863009794,0.4779416249126253,1.0405929431500898,0.11647877565234199,0.02891946203876745,0.011638001929687197
pima,FedAvg-LR,None,0.8101754716981132,0.04922316277672723,0.18784121229575984,0.03185826871136984,-0.3316385586343477,0.9182687785146624,0.7362567453364751,0.21570014819883254,0.14092955895887618,0.051451573512499675
pima,FedAvg-LR,Platt scaling,0.8101754716981132,0.04922316277672723,0.16965602776816752,0.016865733407205853,0.017186171229728833,0.19673804752956522,1.3728539363582632,2.3916618838230534,0.08654591097350992,0.022048537198421033
pima,FedAvg-LR,Temperature scaling,0.8101754716981132,0.04922316277672723,0.1815128957300926,0.020296138752181718,-0.43913696784299966,0.4390160443747397,1.1507209201447923,0.42356823705342,0.12839102318019924,0.03922787608097749
pima,FedTGNN-SS,None,0.7653349406009784,0.04670131959266177,0.2414344874900594,0.034018179456719325,-0.28162000585221314,1.1999347086180705,0.18577440710564502,0.051366028679359015,0.23011115639981258,0.03876978526712839
pima,FedTGNN-SS,Platt scaling,0.7654149895178197,0.04660867218484299,0.18366613401458395,0.01691289529430228,0.003344144548755459,0.14446151823460068,1.1138304362243978,0.42401292437020993,0.07854542870724743,0.02641078883822907
pima,FedTGNN-SS,Temperature scaling,0.7654149895178197,0.04660867218484299,0.18912631764964424,0.01849655130431523,-0.37912831858469836,0.22247441615538804,1.024048819493975,0.28856539781953694,0.1021126186125646,0.03112835591578539
